start,end,break,exclude
0,20,False,False
20,40,False,False
40,60,False,False
60,80,False,False
80,100,False,False
100,120,False,False
120,140,False,False
140,160,False,False
160,180,False,False
180,200,False,False
200,220,False,False
220,240,False,False
240,260,False,False
260,280,False,False
280,300,False,False
300,320,False,False
320,340,False,False
340,360,False,False
360,380,False,False
380,400,False,False
400,420,False,False
420,440,False,False
440,460,False,False
460,480,False,False
480,500,False,False
500,520,False,False
520,540,False,False
540,560,False,False
560,580,False,False
580,600,False,False
600,620,False,False
620,640,False,False
640,660,False,False
660,680,False,False
680,700,False,False
700,720,False,False
720,740,False,False
740,760,False,False
760,780,False,False
780,800,False,False
800,820,False,False
820,840,False,False
840,860,False,False
860,880,False,False
880,900,False,False
900,920,False,False
920,940,False,False
940,960,False,False
960,980,False,False
980,1000,False,False
1000,1020,False,False
1020,1040,False,False
1040,1060,False,False
1060,1080,False,False
1080,1100,False,False
1100,1120,False,False
1120,1140,False,False
1140,1160,False,False
1160,1180,False,False
1180,1200,False,False
1200,1220,False,False
1220,1240,False,False
1240,1260,False,False
1260,1280,False,False
1280,1300,False,False
1300,1320,False,False
1320,1340,False,False
1340,1360,False,False
1360,1380,False,False
1380,1400,False,False
1400,1420,False,False
1420,1440,False,False
1440,1460,False,False
1460,1480,False,False
1480,1500,False,False
1500,1520,False,False
1520,1540,False,False
1540,1560,False,False
1560,1580,False,False
1580,1600,False,False
1600,1620,False,False
1620,1640,False,False
1640,1660,False,False
1660,1680,False,False
1680,1700,False,False
1700,1720,False,False
1720,1740,False,False
1740,1760,False,False
1760,1780,False,False
1780,1800,False,False
1800,1820,False,False
1820,1840,False,False
1840,1860,False,False
1860,1880,False,False
1880,1900,False,False
1900,1920,False,False
1920,1940,False,False
1940,1960,False,False
1960,1980,False,False
1980,2000,False,False
2000,2020,False,False
2020,2040,False,False
2040,2060,False,False
2060,2080,False,False
2080,2100,False,False
2100,2120,False,False
2120,2140,False,False
2140,2160,False,False
2160,2180,False,False
2180,2200,False,False
2200,2220,False,False
2220,2240,False,False
2240,2260,False,False
2260,2280,False,False
2280,2300,False,False
2300,2320,False,False
2320,2340,False,False
2340,2360,False,False
2360,2380,False,False
2380,2400,False,False
2400,2420,False,False
2420,2440,False,False
2440,2460,False,False
2460,2480,False,False
2480,2500,False,False
2500,2520,False,False
2520,2540,False,False
2540,2560,False,False
2560,2580,False,False
2580,2600,False,False
2600,2620,False,False
2620,2640,False,False
2640,2660,False,False
2660,2680,False,False
2680,2700,False,False
2700,2720,False,False
2720,2740,False,False
2740,2760,False,False
2760,2780,False,False
2780,2800,False,False
2800,2820,False,False
2820,2840,False,False
2840,2860,False,False
2860,2880,False,False
2880,2900,False,False
2900,2920,False,False
2920,2940,False,False
2940,2960,False,False
2960,2980,False,False
2980,3000,False,False
3000,3020,False,False
3020,3040,False,False
3040,3060,False,False
3060,3080,False,False
3080,3100,False,False
3100,3120,False,False
3120,3140,False,False
3140,3160,False,False
3160,3180,False,False
3180,3200,False,False
3200,3220,False,False
3220,3240,False,False
3240,3260,False,False
3260,3280,False,False
3280,3300,False,False
3300,3320,False,False
3320,3340,False,False
3340,3360,False,False
3360,3380,False,False
3380,3400,False,False
3400,3420,False,False
3420,3440,False,False
3440,3460,False,False
3460,3480,False,False
3480,3500,False,False
3500,3520,False,False
3520,3540,False,False
3540,3560,False,False
3560,3580,False,False
3580,3600,False,False
3600,3620,False,False
3620,3640,False,False
3640,3660,False,False
3660,3680,False,False
3680,3700,False,False
3700,3720,False,False
3720,3740,False,False
3740,3760,False,False
3760,3780,False,False
3780,3800,False,False
3800,3820,False,False
3820,3840,False,False
3840,3860,False,False
3860,3880,False,False
3880,3900,False,False
3900,3920,False,False
3920,3940,False,False
3940,3960,False,False
3960,3980,False,False
3980,4000,False,False
4000,4020,False,False
4020,4040,False,False
4040,4060,False,False
4060,4080,False,False
4080,4100,False,False
4100,4120,False,False
4120,4140,False,False
4140,4160,False,False
4160,4180,False,False
4180,4200,False,False
4200,4220,False,False
4220,4240,False,False
4240,4260,False,False
4260,4280,False,False
4280,4300,False,False
4300,4320,False,False
4320,4340,False,False
4340,4360,False,False
4360,4380,False,False
4380,4400,False,False
4400,4420,False,False
4420,4440,False,False
4440,4460,False,False
4460,4480,False,False
4480,4500,False,False
4500,4520,False,False
4520,4540,False,False
4540,4560,False,False
4560,4580,False,False
4580,4600,False,False
4600,4620,False,False
4620,4640,False,False
4640,4660,False,False
4660,4680,False,False
4680,4700,False,False
4700,4720,False,False
4720,4740,False,False
4740,4760,False,False
4760,4780,False,False
4780,4800,False,False
4800,4820,False,False
4820,4840,False,False
4840,4860,False,False
4860,4880,False,False
4880,4900,False,False
4900,4920,False,False
4920,4940,False,False
4940,4960,False,False
4960,4980,False,False
4980,5000,False,False
5000,5020,False,False
5020,5040,False,False
5040,5060,False,False
5060,5080,False,False
5080,5100,False,False
5100,5120,False,False
5120,5140,False,False
5140,5160,False,False
5160,5180,False,False
5180,5200,False,False
5200,5220,False,False
5220,5240,False,False
5240,5260,False,False
5260,5280,False,False
5280,5300,False,False
5300,5320,False,False
5320,5340,False,False
5340,5360,False,False
5360,5380,False,False
5380,5400,False,False
5400,5420,False,False
5420,5440,False,False
5440,5460,False,False
5460,5480,False,False
5480,5500,False,False
5500,5520,False,False
5520,5540,False,False
5540,5560,False,False
5560,5580,False,False
5580,5600,False,False
5600,5620,False,False
5620,5640,False,False
5640,5660,False,False
5660,5680,False,False
5680,5700,False,False
5700,5720,False,False
5720,5740,False,False
5740,5760,False,False
5760,5780,False,False
5780,5800,False,False
5800,5820,False,False
5820,5840,False,False
5840,5860,False,False
5860,5880,False,False
5880,5900,False,False
5900,5920,False,False
5920,5940,False,False
5940,5960,False,False
5960,5980,False,False
5980,6000,False,False
6000,6020,False,False
6020,6040,False,False
6040,6060,False,False
6060,6080,False,False
6080,6100,False,False
6100,6120,False,False
6120,6140,False,False
6140,6160,False,False
6160,6180,False,False
6180,6200,False,False
6200,6220,False,False
6220,6240,False,False
6240,6260,False,False
6260,6280,False,False
6280,6300,False,False
6300,6320,False,False
6320,6340,False,False
6340,6360,False,False
6360,6380,False,False
6380,6400,False,False
6400,6420,False,False
6420,6440,False,False
6440,6460,False,False
6460,6480,False,False
6480,6500,False,False
6500,6520,False,False
6520,6540,False,False
6540,6560,False,False
6560,6580,False,False
6580,6600,False,False
6600,6620,False,False
6620,6640,False,False
6640,6660,False,False
6660,6680,False,False
6680,6700,False,False
6700,6720,False,False
6720,6740,False,False
6740,6760,False,False
6760,6780,False,False
6780,6800,False,False
6800,6820,False,False
6820,6840,False,False
6840,6860,False,False
6860,6880,False,False
6880,6900,False,False
6900,6920,False,False
6920,6940,False,False
6940,6960,False,False
6960,6980,False,False
6980,7000,False,False
7000,7020,False,False
7020,7040,False,False
7040,7060,False,False
7060,7080,False,False
7080,7100,False,False
7100,7120,False,False
7120,7140,False,False
7140,7160,False,False
7160,7180,False,False
7180,7200,False,False
7200,7220,False,False
7220,7240,False,False
7240,7260,False,False
7260,7280,False,False
7280,7300,False,False
7300,7320,False,False
7320,7340,False,False
7340,7360,False,False
7360,7380,False,False
7380,7400,False,False
7400,7420,False,False
7420,7440,False,False
7440,7460,False,False
7460,7480,False,False
7480,7500,False,False
7500,7520,False,False
7520,7540,False,False
7540,7560,False,False
7560,7580,False,False
7580,7600,False,False
7600,7620,False,False
7620,7640,False,False
7640,7660,False,False
7660,7680,False,False
7680,7700,False,False
7700,7720,False,False
7720,7740,False,False
7740,7760,False,False
7760,7780,False,False
7780,7800,False,False
7800,7820,False,False
7820,7840,False,False
7840,7860,False,False
7860,7880,False,False
7880,7900,False,False
7900,7920,False,False
7920,7940,False,False
7940,7960,False,False
7960,7980,False,False
7980,8000,False,False
8000,8020,False,False
8020,8040,False,False
8040,8060,False,False
8060,8080,False,False
8080,8100,False,False
8100,8120,False,False
8120,8140,False,False
8140,8160,False,False
8160,8180,False,False
8180,8200,False,False
8200,8220,False,False
8220,8240,False,False
8240,8260,False,False
8260,8280,False,False
8280,8300,False,False
8300,8320,False,False
8320,8340,False,False
8340,8360,False,False
8360,8380,False,False
8380,8400,False,False
8400,8420,False,False
8420,8440,False,False
8440,8460,False,False
8460,8480,False,False
8480,8500,False,False
8500,8520,False,False
8520,8540,False,False
8540,8560,False,False
8560,8580,False,False
8580,8600,False,False
8600,8620,False,False
8620,8640,False,False
8640,8660,False,False
8660,8680,False,False
8680,8700,False,False
8700,8720,False,False
8720,8740,False,False
8740,8760,False,False
8760,8780,False,False
8780,8800,False,False
8800,8820,False,False
8820,8840,False,False
8840,8860,False,False
8860,8880,False,False
8880,8900,False,False
8900,8920,False,False
8920,8940,False,False
8940,8960,False,False
8960,8980,False,False
8980,9000,False,False
9000,9020,False,False
9020,9040,False,False
9040,9060,False,False
9060,9080,False,False
9080,9100,False,False
9100,9120,False,False
9120,9140,False,False
9140,9160,False,False
9160,9180,False,False
9180,9200,False,False
9200,9220,False,False
9220,9240,False,False
9240,9260,False,False
9260,9280,False,False
9280,9300,False,False
9300,9320,False,False
9320,9340,False,False
9340,9360,False,False
9360,9380,False,False
9380,9400,False,False
9400,9420,False,False
9420,9440,False,False
9440,9460,False,False
9460,9480,False,False
9480,9500,False,False
9500,9520,False,False
9520,9540,False,False
9540,9560,False,False
9560,9580,False,False
9580,9600,False,False
9600,9620,False,False
9620,9640,False,False
9640,9660,False,False
9660,9680,False,False
9680,9700,False,False
9700,9720,False,False
9720,9740,False,False
9740,9760,False,False
9760,9780,False,False
9780,9800,False,False
9800,9820,False,False
9820,9840,False,False
9840,9860,False,False
9860,9880,False,False
9880,9900,False,False
9900,9920,False,False
9920,9940,False,False
9940,9960,False,False
9960,9980,False,False
9980,10000,False,False
10000,10020,False,False
10020,10040,False,False
10040,10060,False,False
10060,10080,False,False
10080,10100,False,False
10100,10120,False,False
10120,10140,False,False
10140,10160,False,False
10160,10180,False,False
10180,10200,False,False
10200,10220,False,False
10220,10240,False,False
10240,10260,False,False
10260,10280,False,False
10280,10300,False,False
10300,10320,False,False
10320,10340,False,False
10340,10360,False,False
10360,10380,False,False
10380,10400,False,False
10400,10420,False,False
10420,10440,False,False
10440,10460,False,False
10460,10480,False,False
10480,10500,False,False
10500,10520,False,False
10520,10540,False,False
10540,10560,False,False
10560,10580,False,False
10580,10600,False,False
10600,10620,False,False
10620,10640,False,False
10640,10660,False,False
10660,10680,False,False
10680,10700,False,False
10700,10720,False,False
10720,10740,False,False
10740,10760,False,False
10760,10780,False,False
10780,10800,False,False
10800,10820,False,False
10820,10840,False,False
10840,10860,False,False
10860,10880,False,False
10880,10900,False,False
10900,10920,False,False
10920,10940,False,False
10940,10960,False,False
10960,10980,False,False
10980,11000,False,False
11000,11020,False,False
11020,11040,False,False
11040,11060,False,False
11060,11080,False,False
11080,11100,False,False
11100,11120,False,False
11120,11140,False,False
11140,11160,False,False
11160,11180,False,False
11180,11200,False,False
11200,11220,False,False
11220,11240,False,False
11240,11260,False,False
11260,11280,False,False
11280,11300,False,False
11300,11320,False,False
11320,11340,False,False
11340,11360,False,False
11360,11380,False,False
11380,11400,False,False
11400,11420,False,False
11420,11440,False,False
11440,11460,False,False
11460,11480,False,False
11480,11500,False,False
11500,11520,False,False
11520,11540,False,False
11540,11560,False,False
11560,11580,False,False
11580,11600,False,False
11600,11620,False,False
11620,11640,False,False
11640,11660,False,False
11660,11680,False,False
11680,11700,False,False
11700,11720,False,False
11720,11740,False,False
11740,11760,False,False
11760,11780,False,False
11780,11800,False,False
11800,11820,False,False
11820,11840,False,False
11840,11860,False,False
11860,11880,False,False
11880,11900,False,False
11900,11920,False,False
11920,11940,False,False
11940,11960,False,False
11960,11980,False,False
11980,12000,False,False
12000,12020,False,False
12020,12040,False,False
12040,12060,False,False
12060,12080,False,False
12080,12100,False,False
12100,12120,False,False
12120,12140,False,False
12140,12160,False,False
12160,12180,False,False
12180,12200,False,False
12200,12220,False,False
12220,12240,False,False
12240,12260,False,False
12260,12280,False,False
12280,12300,False,False
12300,12320,False,False
12320,12340,False,False
12340,12360,False,False
12360,12380,False,False
12380,12400,False,False
12400,12420,False,False
12420,12440,False,False
12440,12460,False,False
12460,12480,False,False
12480,12500,False,False
12500,12520,False,False
12520,12540,False,False
12540,12560,False,False
12560,12580,False,False
12580,12600,False,False
12600,12620,False,False
12620,12640,False,False
12640,12660,False,False
12660,12680,False,False
12680,12700,False,False
12700,12720,False,False
12720,12740,False,False
12740,12760,False,False
12760,12780,False,False
12780,12800,False,False
12800,12820,False,False
12820,12840,False,False
12840,12860,False,False
12860,12880,False,False
12880,12900,False,False
12900,12920,False,False
12920,12940,False,False
12940,12960,False,False
12960,12980,False,False
12980,13000,False,False
13000,13020,False,False
13020,13040,False,False
13040,13060,False,False
13060,13080,False,False
13080,13100,False,False
13100,13120,False,False
13120,13140,False,False
13140,13160,False,False
13160,13180,False,False
13180,13200,False,False
13200,13220,False,False
13220,13240,False,False
13240,13260,False,False
13260,13280,False,False
13280,13300,False,False
13300,13320,False,False
13320,13340,False,False
13340,13360,False,False
13360,13380,False,False
13380,13400,False,False
13400,13420,False,False
13420,13440,False,False
13440,13460,False,False
13460,13480,False,False
13480,13500,False,False
13500,13520,False,False
13520,13540,False,False
13540,13560,False,False
13560,13580,False,False
13580,13600,False,False
13600,13620,False,False
13620,13640,False,False
13640,13660,False,False
13660,13680,False,False
13680,13700,False,False
13700,13720,False,False
13720,13740,False,False
13740,13760,False,False
13760,13780,False,False
13780,13800,False,False
13800,13820,False,False
13820,13840,False,False
13840,13860,False,False
13860,13880,False,False
13880,13900,False,False
13900,13920,False,False
13920,13940,False,False
13940,13960,False,False
13960,13980,False,False
13980,14000,False,False
14000,14020,False,False
14020,14040,False,False
14040,14060,False,False
14060,14080,False,False
14080,14100,False,False
14100,14120,False,False
14120,14140,False,False
14140,14160,False,False
14160,14180,False,False
14180,14200,False,False
14200,14220,False,False
14220,14240,False,False
14240,14260,False,False
14260,14280,False,False
14280,14300,False,False
14300,14320,False,False
14320,14340,False,False
14340,14360,False,False
14360,14380,False,False
14380,14400,False,False
14400,14420,False,False
14420,14440,False,False
14440,14460,False,False
14460,14480,False,False
14480,14500,False,False
14500,14520,False,False
14520,14540,False,False
14540,14560,False,False
14560,14580,False,False
14580,14600,False,False
14600,14620,False,False
14620,14640,False,False
14640,14660,False,False
14660,14680,False,False
14680,14700,False,False
14700,14720,False,False
14720,14740,False,False
14740,14760,False,False
14760,14780,False,False
14780,14800,False,False
14800,14820,False,False
14820,14840,False,False
14840,14860,False,False
14860,14880,False,False
14880,14900,False,False
14900,14920,False,False
14920,14940,False,False
14940,14960,False,False
14960,14980,False,False
14980,15000,False,False
15000,15020,False,False
15020,15040,False,False
15040,15060,False,False
15060,15080,False,False
15080,15100,False,False
15100,15120,False,False
15120,15140,False,False
15140,15160,False,False
15160,15180,False,False
15180,15200,False,False
15200,15220,False,False
15220,15240,False,False
15240,15260,False,False
15260,15280,False,False
15280,15300,False,False
15300,15320,False,False
15320,15340,False,False
15340,15360,False,False
15360,15380,False,False
15380,15400,False,False
15400,15420,False,False
15420,15440,False,False
15440,15460,False,False
15460,15480,False,False
15480,15500,False,False
15500,15520,False,False
15520,15540,False,False
15540,15560,False,False
15560,15580,False,False
15580,15600,False,False
15600,15620,False,False
15620,15640,False,False
15640,15660,False,False
15660,15680,False,False
15680,15700,False,False
15700,15720,False,False
15720,15740,False,False
15740,15760,False,False
15760,15780,False,False
15780,15800,False,False
15800,15820,False,False
15820,15840,False,False
15840,15860,False,False
15860,15880,False,False
15880,15900,False,False
15900,15920,False,False
15920,15940,False,False
15940,15960,False,False
15960,15980,False,False
15980,16000,False,False
16000,16020,False,False
16020,16040,False,False
16040,16060,False,False
16060,16080,False,False
16080,16100,False,False
16100,16120,False,False
16120,16140,False,False
16140,16160,False,False
16160,16180,False,False
16180,16200,False,False
16200,16220,False,False
16220,16240,False,False
16240,16260,False,False
16260,16280,False,False
16280,16300,False,False
16300,16320,False,False
16320,16340,False,False
16340,16360,False,False
16360,16380,False,False
16380,16400,False,False
16400,16420,False,False
16420,16440,False,False
16440,16460,False,False
16460,16480,False,False
16480,16500,False,False
16500,16520,False,False
16520,16540,False,False
16540,16560,False,False
16560,16580,False,False
16580,16600,False,False
16600,16620,False,False
16620,16640,False,False
16640,16660,False,False
16660,16680,False,False
16680,16700,False,False
16700,16720,False,False
16720,16740,False,False
16740,16760,False,False
16760,16780,False,False
16780,16800,False,False
16800,16820,False,False
16820,16840,False,False
16840,16860,False,False
16860,16880,False,False
16880,16900,False,False
16900,16920,False,False
16920,16940,False,False
16940,16960,False,False
16960,16980,False,False
16980,17000,False,False
17000,17020,False,False
17020,17040,False,False
17040,17060,False,False
17060,17080,False,False
17080,17100,False,False
17100,17120,False,False
17120,17140,False,False
17140,17160,False,False
17160,17180,False,False
17180,17200,False,False
17200,17220,False,False
17220,17240,False,False
17240,17260,False,False
17260,17280,False,False
17280,17300,False,False
17300,17320,False,False
17320,17340,False,False
17340,17360,False,False
17360,17380,False,False
17380,17400,False,False
17400,17420,False,False
17420,17440,False,False
17440,17460,False,False
17460,17480,False,False
17480,17500,False,False
17500,17520,False,False
17520,17540,False,False
17540,17560,False,False
17560,17580,False,False
17580,17600,False,False
17600,17620,False,False
17620,17640,False,False
17640,17660,False,False
17660,17680,False,False
17680,17700,False,False
17700,17720,False,False
17720,17740,False,False
17740,17760,False,False
17760,17780,False,False
17780,17800,False,False
17800,17820,False,False
17820,17840,False,False
17840,17860,False,False
17860,17880,False,False
17880,17900,False,False
17900,17920,False,False
17920,17940,False,False
17940,17960,False,False
17960,17980,False,False
17980,18000,False,False
18000,18020,False,False
18020,18040,False,False
18040,18060,False,False
18060,18080,False,False
18080,18100,False,False
18100,18120,False,False
18120,18140,False,False
18140,18160,False,False
18160,18180,False,False
18180,18200,False,False
18200,18220,False,False
18220,18240,False,False
18240,18260,False,False
18260,18280,False,False
18280,18300,False,False
18300,18320,False,False
18320,18340,False,False
18340,18360,False,False
18360,18380,False,False
18380,18400,False,False
18400,18420,False,False
18420,18440,False,False
18440,18460,False,False
18460,18480,False,False
18480,18500,False,False
18500,18520,False,False
18520,18540,False,False
18540,18560,False,False
18560,18580,False,False
18580,18600,False,False
18600,18620,False,False
18620,18640,False,False
18640,18660,False,False
18660,18680,False,False
18680,18700,False,False
18700,18720,False,False
18720,18740,False,False
18740,18760,False,False
18760,18780,False,False
18780,18800,False,False
18800,18820,False,False
18820,18840,False,False
18840,18860,False,False
18860,18880,False,False
18880,18900,False,False
18900,18920,False,False
18920,18940,False,False
18940,18960,False,False
18960,18980,False,False
18980,19000,False,False
19000,19020,False,False
19020,19040,False,False
19040,19060,False,False
19060,19080,False,False
19080,19100,False,False
19100,19120,False,False
19120,19140,False,False
19140,19160,False,False
19160,19180,False,False
19180,19200,False,False
19200,19220,False,False
19220,19240,False,False
19240,19260,False,False
19260,19280,False,False
19280,19300,False,False
19300,19320,False,False
19320,19340,False,False
19340,19360,False,False
19360,19380,False,False
19380,19400,False,False
19400,19420,False,False
19420,19440,False,False
19440,19460,False,False
19460,19480,False,False
19480,19500,False,False
19500,19520,False,False
19520,19540,False,False
19540,19560,False,False
19560,19580,False,False
19580,19600,False,False
19600,19620,False,False
19620,19640,False,False
19640,19660,False,False
19660,19680,False,False
19680,19700,False,False
19700,19720,False,False
19720,19740,False,False
19740,19760,False,False
19760,19780,False,False
19780,19800,False,False
19800,19820,False,False
19820,19840,False,False
19840,19860,False,False
19860,19880,False,False
19880,19900,False,False
19900,19920,False,False
19920,19940,False,False
19940,19960,False,False
19960,19980,False,False
19980,20000,False,False
20000,20020,False,False
20020,20040,False,False
20040,20060,False,False
20060,20080,False,False
20080,20100,False,False
20100,20120,False,False
20120,20140,False,False
20140,20160,False,False
20160,20180,False,False
20180,20200,False,False
20200,20220,False,False
20220,20240,False,False
20240,20260,False,False
20260,20280,False,False
20280,20300,False,False
20300,20320,False,False
20320,20340,False,False
20340,20360,False,False
20360,20380,False,False
20380,20400,False,False
20400,20420,False,False
20420,20440,False,False
20440,20460,False,False
20460,20480,False,False
20480,20500,False,False
20500,20520,False,False
20520,20540,False,False
20540,20560,False,False
20560,20580,False,False
20580,20600,False,False
20600,20620,False,False
20620,20640,False,False
20640,20660,True,False
20660,20680,False,False
20680,20700,False,False
20700,20720,False,False
20720,20740,False,False
20740,20760,False,False
20760,20780,False,False
20780,20800,False,False
20800,20820,False,False
20820,20840,True,False
20840,20860,False,False
20860,20880,False,False
20880,20900,False,False
20900,20920,False,False
20920,20940,False,False
20940,20960,False,False
20960,20980,False,False
20980,21000,False,False
21000,21020,False,False
21020,21040,False,False
21040,21060,False,False
21060,21080,False,False
21080,21100,False,False
21100,21120,False,False
21120,21140,False,False
21140,21160,False,False
21160,21180,False,False
21180,21200,False,False
21200,21220,False,False
21220,21240,False,False
21240,21260,True,False
21260,21280,False,False
21280,21300,False,False
21300,21320,False,False
21320,21340,False,False
21340,21360,False,False
21360,21380,False,False
21380,21400,False,False
21400,21420,True,False
21420,21440,False,False
21440,21460,False,False
21460,21480,False,False
21480,21500,False,False
21500,21520,False,False
21520,21540,False,False
21540,21560,True,False
21560,21580,False,False
21580,21600,False,False
21600,21620,False,False
21620,21640,False,False
21640,21660,False,False
21660,21680,False,False
21680,21700,True,False
21700,21720,False,False
21720,21740,False,False
21740,21760,False,False
21760,21780,False,False
21780,21800,False,False
21800,21820,False,False
21820,21840,False,False
21840,21860,False,False
21860,21880,False,False
21880,21900,True,False
21900,21920,True,False
21920,21940,False,False
21940,21960,False,False
21960,21980,False,False
21980,22000,False,False
22000,22020,False,False
22020,22040,False,False
22040,22060,True,False
22060,22080,False,False
22080,22100,False,False
22100,22120,False,False
22120,22140,True,False
22140,22160,False,False
22160,22180,False,False
22180,22200,False,False
22200,22220,False,False
22220,22240,False,False
22240,22260,False,False
22260,22280,True,False
22280,22300,False,False
22300,22320,False,False
22320,22340,False,False
22340,22360,True,False
22360,22380,True,False
22380,22400,False,False
22400,22420,False,False
22420,22440,False,False
22440,22460,True,False
22460,22480,False,False
22480,22500,False,False
22500,22520,False,False
22520,22540,False,False
22540,22560,False,False
22560,22580,True,False
22580,22600,True,False
22600,22620,False,False
22620,22640,False,False
22640,22660,False,False
22660,22680,False,False
22680,22700,False,False
22700,22720,False,False
22720,22740,False,False
22740,22760,False,False
22760,22780,True,False
22780,22800,False,False
22800,22820,False,False
22820,22840,False,False
22840,22860,False,False
22860,22880,True,False
22880,22900,False,False
22900,22920,False,False
22920,22940,False,False
22940,22960,True,False
22960,22980,False,False
22980,23000,False,False
23000,23020,False,False
23020,23040,False,False
23040,23060,True,False
23060,23080,False,False
23080,23100,False,False
23100,23120,False,False
23120,23140,False,False
23140,23160,True,False
23160,23180,False,False
23180,23200,False,False
23200,23220,False,False
23220,23240,False,False
23240,23260,False,False
23260,23280,True,False
23280,23300,False,False
23300,23320,False,False
23320,23340,False,False
23340,23360,False,False
23360,23380,True,False
23380,23400,False,False
23400,23420,False,False
23420,23440,False,False
23440,23460,False,False
23460,23480,True,False
23480,23500,False,False
23500,23520,False,False
23520,23540,False,False
23540,23560,False,False
23560,23580,False,False
23580,23600,False,False
23600,23620,False,False
23620,23640,True,False
23640,23660,False,False
23660,23680,False,False
23680,23700,False,False
23700,23720,False,False
23720,23740,False,False
23740,23760,False,False
23760,23780,False,False
23780,23800,True,False
23800,23820,False,False
23820,23840,False,False
23840,23860,False,False
23860,23880,False,False
23880,23900,False,False
23900,23920,True,False
23920,23940,False,False
23940,23960,False,False
23960,23980,False,False
23980,24000,False,False
24000,24020,False,False
24020,24040,True,False
24040,24060,False,False
24060,24080,False,False
24080,24100,False,False
24100,24120,False,False
24120,24140,True,False
24140,24160,False,False
24160,24180,False,False
24180,24200,False,False
24200,24220,False,False
24220,24240,False,False
24240,24260,False,False
24260,24280,True,False
24280,24300,False,False
24300,24320,False,False
24320,24340,False,False
24340,24360,False,False
24360,24380,True,False
24380,24400,False,False
24400,24420,False,False
24420,24440,False,False
24440,24460,False,False
24460,24480,False,False
24480,24500,False,False
24500,24520,True,False
24520,24540,False,False
24540,24560,False,False
24560,24580,False,False
24580,24600,False,False
24600,24620,False,False
24620,24640,False,False
24640,24660,True,False
24660,24680,False,False
24680,24700,False,False
24700,24720,False,False
24720,24740,False,False
24740,24760,True,False
24760,24780,True,False
24780,24800,False,False
24800,24820,False,False
24820,24840,False,False
24840,24860,False,False
24860,24880,False,False
24880,24900,True,False
24900,24920,False,False
24920,24940,False,False
24940,24960,False,False
24960,24980,False,False
24980,25000,True,False
25000,25020,False,False
25020,25040,False,False
25040,25060,False,False
25060,25080,False,False
25080,25100,True,False
25100,25120,True,False
25120,25140,False,False
25140,25160,False,False
25160,25180,True,False
25180,25200,True,False
25200,25220,False,False
25220,25240,False,False
25240,25260,False,False
25260,25280,False,False
25280,25300,True,False
25300,25320,False,False
25320,25340,False,False
25340,25360,True,False
25360,25380,False,False
25380,25400,False,False
25400,25420,False,False
25420,25440,False,False
25440,25460,False,False
25460,25480,False,False
25480,25500,True,False
25500,25520,False,False
25520,25540,False,False
25540,25560,False,False
25560,25580,True,False
25580,25600,False,False
25600,25620,False,False
25620,25640,False,False
25640,25660,False,False
25660,25680,False,False
25680,25700,False,False
25700,25720,False,False
25720,25740,True,False
25740,25760,False,False
25760,25780,False,False
25780,25800,False,False
25800,25820,False,False
25820,25840,False,False
25840,25860,True,False
25860,25880,False,False
25880,25900,False,False
25900,25920,False,False
25920,25940,False,False
25940,25960,False,False
25960,25980,False,False
25980,26000,False,False
26000,26020,False,False
26020,26040,False,False
26040,26060,False,False
26060,26080,False,False
26080,26100,False,False
26100,26120,True,False
26120,26140,False,False
26140,26160,False,False
26160,26180,False,False
26180,26200,False,False
26200,26220,False,False
26220,26240,False,False
26240,26260,False,False
26260,26280,False,False
26280,26300,True,False
26300,26320,False,False
26320,26340,False,False
26340,26360,True,False
26360,26380,False,False
26380,26400,False,False
26400,26420,False,False
26420,26440,False,False
26440,26460,False,False
26460,26480,False,False
26480,26500,False,False
26500,26520,False,False
26520,26540,True,False
26540,26560,False,False
26560,26580,False,False
26580,26600,False,False
26600,26620,True,False
26620,26640,False,False
26640,26660,False,False
26660,26680,False,False
26680,26700,False,False
26700,26720,False,False
26720,26740,False,False
26740,26760,False,False
26760,26780,True,False
26780,26800,False,False
26800,26820,False,False
26820,26840,False,False
26840,26860,False,False
26860,26880,False,False
26880,26900,False,False
26900,26920,True,False
26920,26940,False,False
26940,26960,False,False
26960,26980,True,False
26980,27000,False,False
27000,27020,False,False
27020,27040,False,False
27040,27060,False,False
27060,27080,False,False
27080,27100,True,False
27100,27120,False,False
27120,27140,False,False
27140,27160,False,False
27160,27180,False,False
27180,27200,True,False
27200,27220,False,False
27220,27240,False,False
27240,27260,False,False
27260,27280,False,False
27280,27300,False,False
27300,27320,False,False
27320,27340,True,False
27340,27360,True,False
27360,27380,False,False
27380,27400,True,False
27400,27420,True,False
27420,27440,False,False
27440,27460,False,False
27460,27480,False,False
27480,27500,False,False
27500,27520,True,False
27520,27540,False,False
27540,27560,False,False
27560,27580,False,False
27580,27600,False,False
27600,27620,False,False
27620,27640,False,False
27640,27660,False,False
27660,27680,False,False
27680,27700,False,False
27700,27720,False,False
27720,27740,False,False
27740,27760,False,False
27760,27780,False,False
27780,27800,False,False
27800,27820,False,False
27820,27840,False,False
27840,27860,False,False
27860,27880,True,False
27880,27900,False,False
27900,27920,False,False
27920,27940,False,False
27940,27960,False,False
27960,27980,True,False
27980,28000,False,False
28000,28020,False,False
28020,28040,False,False
28040,28060,False,False
28060,28080,False,False
28080,28100,False,False
28100,28120,True,False
28120,28140,False,False
28140,28160,False,False
28160,28180,False,False
28180,28200,False,False
28200,28220,True,False
28220,28240,False,False
28240,28260,False,False
28260,28280,False,False
28280,28300,False,False
28300,28320,False,False
28320,28340,True,False
28340,28360,False,False
28360,28380,False,False
28380,28400,False,False
28400,28420,True,False
28420,28440,False,False
28440,28460,False,False
28460,28480,False,False
28480,28500,False,False
28500,28520,False,False
28520,28540,False,False
28540,28560,True,False
28560,28580,False,False
28580,28600,False,False
28600,28620,False,False
28620,28640,False,False
28640,28660,False,False
28660,28680,False,False
28680,28700,False,False
28700,28720,False,False
28720,28740,False,False
28740,28760,True,False
28760,28780,False,False
28780,28800,False,False
28800,28820,False,False
28820,28840,False,False
28840,28860,False,False
28860,28880,True,False
28880,28900,False,False
28900,28920,False,False
28920,28940,False,False
28940,28960,False,False
28960,28980,False,False
28980,29000,True,False
29000,29020,False,False
29020,29040,False,False
29040,29060,False,False
29060,29080,True,False
29080,29100,False,False
29100,29120,False,False
29120,29140,False,False
29140,29160,False,False
29160,29180,False,False
29180,29200,True,False
29200,29220,False,False
29220,29240,False,False
29240,29260,False,False
29260,29280,False,False
29280,29300,False,False
29300,29320,True,False
29320,29340,False,False
29340,29360,False,False
29360,29380,False,False
29380,29400,False,False
29400,29420,False,False
29420,29440,False,False
29440,29460,False,False
29460,29480,True,False
29480,29500,True,False
29500,29520,False,False
29520,29540,False,False
29540,29560,False,False
29560,29580,False,False
29580,29600,True,False
29600,29620,True,False
29620,29640,False,False
29640,29660,False,False
29660,29680,False,False
29680,29700,False,False
29700,29720,False,False
29720,29740,True,False
29740,29760,False,False
29760,29780,False,False
29780,29800,False,False
29800,29820,False,False
29820,29840,False,False
29840,29860,True,False
29860,29880,False,False
29880,29900,False,False
29900,29920,False,False
29920,29940,False,False
29940,29960,False,False
29960,29980,False,False
29980,30000,True,False
30000,30020,False,False
30020,30040,False,False
30040,30060,False,False
30060,30080,False,False
30080,30100,False,False
30100,30120,False,False
30120,30140,False,False
30140,30160,False,False
30160,30180,True,False
30180,30200,False,False
30200,30220,False,False
30220,30240,True,False
30240,30260,True,False
30260,30280,False,False
30280,30300,False,False
30300,30320,False,False
30320,30340,False,False
30340,30360,False,False
30360,30380,False,False
30380,30400,True,False
30400,30420,False,False
30420,30440,False,False
30440,30460,False,False
30460,30480,False,False
30480,30500,True,False
30500,30520,False,False
30520,30540,False,False
30540,30560,False,False
30560,30580,False,False
30580,30600,False,False
30600,30620,True,False
30620,30640,False,False
30640,30660,False,False
30660,30680,False,False
30680,30700,True,False
30700,30720,False,False
30720,30740,False,False
30740,30760,False,False
30760,30780,True,False
30780,30800,True,False
30800,30820,False,False
30820,30840,False,False
30840,30860,False,False
30860,30880,False,False
30880,30900,True,False
30900,30920,False,False
30920,30940,False,False
30940,30960,False,False
30960,30980,False,False
30980,31000,False,False
31000,31020,False,False
31020,31040,False,False
31040,31060,True,False
31060,31080,False,False
31080,31100,False,False
31100,31120,False,False
31120,31140,False,False
31140,31160,False,False
31160,31180,True,False
31180,31200,False,False
31200,31220,False,False
31220,31240,False,False
31240,31260,False,False
31260,31280,False,False
31280,31300,True,False
31300,31320,False,False
31320,31340,False,False
31340,31360,True,False
31360,31380,False,False
31380,31400,False,False
31400,31420,False,False
31420,31440,False,False
31440,31460,True,False
31460,31480,False,False
31480,31500,False,False
31500,31520,False,False
31520,31540,False,False
31540,31560,False,False
31560,31580,False,False
31580,31600,True,False
31600,31620,False,False
31620,31640,False,False
31640,31660,False,False
31660,31680,False,False
31680,31700,False,False
31700,31720,False,False
31720,31740,True,False
31740,31760,False,False
31760,31780,False,False
31780,31800,False,False
31800,31820,False,False
31820,31840,False,False
31840,31860,False,False
31860,31880,False,False
31880,31900,True,False
31900,31920,False,False
31920,31940,False,False
31940,31960,False,False
31960,31980,False,False
31980,32000,False,False
32000,32020,False,False
32020,32040,False,False
32040,32060,False,False
32060,32080,True,False
32080,32100,False,False
32100,32120,False,False
32120,32140,False,False
32140,32160,False,False
32160,32180,False,False
32180,32200,False,False
32200,32220,False,False
32220,32240,True,False
32240,32260,False,False
32260,32280,False,False
32280,32300,False,False
32300,32320,False,False
32320,32340,False,False
32340,32360,True,False
32360,32380,False,False
32380,32400,False,False
32400,32420,False,False
32420,32440,True,False
32440,32460,False,False
32460,32480,False,False
32480,32500,False,False
32500,32520,False,False
32520,32540,True,False
32540,32560,False,False
32560,32580,False,False
32580,32600,False,False
32600,32620,False,False
32620,32640,False,False
32640,32660,False,False
32660,32680,False,False
32680,32700,True,False
32700,32720,False,False
32720,32740,False,False
32740,32760,False,False
32760,32780,False,False
32780,32800,False,False
32800,32820,False,False
32820,32840,False,False
32840,32860,True,False
32860,32880,False,False
32880,32900,False,False
32900,32920,False,False
32920,32940,True,False
32940,32960,True,False
32960,32980,False,False
32980,33000,False,False
33000,33020,False,False
33020,33040,False,False
33040,33060,False,False
33060,33080,False,False
33080,33100,True,False
33100,33120,False,False
33120,33140,False,False
33140,33160,False,False
33160,33180,False,False
33180,33200,False,False
33200,33220,False,False
33220,33240,False,False
33240,33260,False,False
33260,33280,True,False
33280,33300,False,False
33300,33320,False,False
33320,33340,False,False
33340,33360,False,False
33360,33380,False,False
33380,33400,False,False
33400,33420,False,False
33420,33440,False,False
33440,33460,False,False
33460,33480,False,False
33480,33500,True,False
33500,33520,False,False
33520,33540,False,False
33540,33560,False,False
33560,33580,False,False
33580,33600,False,False
33600,33620,False,False
33620,33640,False,False
33640,33660,False,False
33660,33680,False,False
33680,33700,False,False
33700,33720,True,False
33720,33740,True,False
33740,33760,False,False
33760,33780,False,False
33780,33800,False,False
33800,33820,False,False
33820,33840,False,False
33840,33860,False,False
33860,33880,False,False
33880,33900,False,False
33900,33920,False,False
33920,33940,True,False
33940,33960,False,False
33960,33980,False,False
33980,34000,False,False
34000,34020,False,False
34020,34040,True,False
34040,34060,False,False
34060,34080,False,False
34080,34100,False,False
34100,34120,False,False
34120,34140,False,False
34140,34160,True,False
34160,34180,False,False
34180,34200,False,False
34200,34220,False,False
34220,34240,False,False
34240,34260,False,False
34260,34280,False,False
34280,34300,True,False
34300,34320,False,False
34320,34340,False,False
34340,34360,False,False
34360,34380,True,False
34380,34400,False,False
34400,34420,False,False
34420,34440,False,False
34440,34460,False,False
34460,34480,False,False
34480,34500,False,False
34500,34520,False,False
34520,34540,False,False
34540,34560,False,False
34560,34580,False,False
34580,34600,True,False
34600,34620,False,False
34620,34640,False,False
34640,34660,False,False
34660,34680,False,False
34680,34700,False,False
34700,34720,False,False
34720,34740,False,False
34740,34760,False,False
34760,34780,True,False
34780,34800,False,False
34800,34820,False,False
34820,34840,False,False
34840,34860,False,False
34860,34880,False,False
34880,34900,False,False
34900,34920,False,False
34920,34940,False,False
34940,34960,False,False
34960,34980,False,False
34980,35000,True,False
35000,35020,True,False
35020,35040,False,False
35040,35060,True,False
35060,35080,False,False
35080,35100,True,False
35100,35120,False,False
35120,35140,False,False
35140,35160,False,False
35160,35180,True,False
35180,35200,False,False
35200,35220,False,False
35220,35240,False,False
35240,35260,False,False
35260,35280,False,False
35280,35300,False,False
35300,35320,False,False
35320,35340,False,False
35340,35360,False,False
35360,35380,False,False
35380,35400,False,False
35400,35420,True,False
35420,35440,False,False
35440,35460,False,False
35460,35480,False,False
35480,35500,False,False
35500,35520,False,False
35520,35540,False,False
35540,35560,False,False
35560,35580,False,False
35580,35600,False,False
35600,35620,False,False
35620,35640,True,False
35640,35660,True,False
35660,35680,False,False
35680,35700,False,False
35700,35720,False,False
35720,35740,False,False
35740,35760,False,False
35760,35780,False,False
35780,35800,False,False
35800,35820,False,False
35820,35840,True,False
35840,35860,False,False
35860,35880,False,False
35880,35900,False,False
35900,35920,False,False
35920,35940,False,False
35940,35960,True,False
35960,35980,False,False
35980,36000,False,False
36000,36020,False,False
36020,36040,False,False
36040,36060,False,False
36060,36080,False,False
36080,36100,False,False
36100,36120,False,False
36120,36140,False,False
36140,36160,False,False
36160,36180,False,False
36180,36200,False,False
36200,36220,True,False
36220,36240,False,False
36240,36260,False,False
36260,36280,False,False
36280,36300,True,False
36300,36320,False,False
36320,36340,False,False
36340,36360,False,False
36360,36380,False,False
36380,36400,False,False
36400,36420,False,False
36420,36440,False,False
36440,36460,False,False
36460,36480,True,False
36480,36500,True,False
36500,36520,False,False
36520,36540,False,False
36540,36560,False,False
36560,36580,False,False
36580,36600,False,False
36600,36620,False,False
36620,36640,False,False
36640,36660,True,False
36660,36680,False,False
36680,36700,False,False
36700,36720,False,False
36720,36740,False,False
36740,36760,True,False
36760,36780,False,False
36780,36800,True,False
36800,36820,False,False
36820,36840,False,False
36840,36860,False,False
36860,36880,False,False
36880,36900,False,False
36900,36920,False,False
36920,36940,False,False
36940,36960,False,False
36960,36980,True,False
36980,37000,False,False
37000,37020,False,False
37020,37040,False,False
37040,37060,False,False
37060,37080,False,False
37080,37100,True,False
37100,37120,False,False
37120,37140,False,False
37140,37160,False,False
37160,37180,False,False
37180,37200,False,False
37200,37220,True,False
37220,37240,False,False
37240,37260,False,False
37260,37280,False,False
37280,37300,False,False
37300,37320,True,False
37320,37340,True,False
37340,37360,False,False
37360,37380,False,False
37380,37400,False,False
37400,37420,False,False
37420,37440,False,False
37440,37460,False,False
37460,37480,False,False
37480,37500,False,False
37500,37520,False,False
37520,37540,False,False
37540,37560,True,False
37560,37580,False,False
37580,37600,False,False
37600,37620,False,False
37620,37640,False,False
37640,37660,False,False
37660,37680,False,False
37680,37700,False,False
37700,37720,False,False
37720,37740,True,False
37740,37760,False,False
37760,37780,False,False
37780,37800,False,False
37800,37820,False,False
37820,37840,False,False
37840,37860,False,False
37860,37880,False,False
37880,37900,False,False
37900,37920,False,False
37920,37940,True,False
37940,37960,False,False
37960,37980,False,False
37980,38000,False,False
38000,38020,False,False
38020,38040,False,False
38040,38060,False,False
38060,38080,False,False
38080,38100,False,False
38100,38120,False,False
38120,38140,False,False
38140,38160,True,False
38160,38180,True,False
38180,38200,False,False
38200,38220,False,False
38220,38240,False,False
38240,38260,False,False
38260,38280,False,False
38280,38300,True,False
38300,38320,False,False
38320,38340,False,False
38340,38360,False,False
38360,38380,False,False
38380,38400,True,False
38400,38420,False,False
38420,38440,False,False
38440,38460,False,False
38460,38480,False,False
38480,38500,True,False
38500,38520,False,False
38520,38540,False,False
38540,38560,False,False
38560,38580,False,False
38580,38600,False,False
38600,38620,False,False
38620,38640,False,False
38640,38660,False,False
38660,38680,False,False
38680,38700,False,False
38700,38720,False,False
38720,38740,False,False
38740,38760,True,False
38760,38780,False,False
38780,38800,False,False
38800,38820,True,False
38820,38840,True,False
38840,38860,False,False
38860,38880,False,False
38880,38900,False,False
38900,38920,False,False
38920,38940,False,False
38940,38960,False,False
38960,38980,False,False
38980,39000,False,False
39000,39020,True,False
39020,39040,True,False
39040,39060,False,False
39060,39080,False,False
39080,39100,False,False
39100,39120,False,False
39120,39140,False,False
39140,39160,False,False
39160,39180,False,False
39180,39200,True,False
39200,39220,True,False
39220,39240,False,False
39240,39260,False,False
39260,39280,False,False
39280,39300,False,False
39300,39320,False,False
39320,39340,True,False
39340,39360,False,False
39360,39380,False,False
39380,39400,False,False
39400,39420,False,False
39420,39440,False,False
39440,39460,False,False
39460,39480,False,False
39480,39500,False,False
39500,39520,False,False
39520,39540,False,False
39540,39560,False,False
39560,39580,False,False
39580,39600,True,False
39600,39620,False,False
39620,39640,False,False
39640,39660,False,False
39660,39680,True,False
39680,39700,False,False
39700,39720,False,False
39720,39740,False,False
39740,39760,False,False
39760,39780,False,False
39780,39800,False,False
39800,39820,False,False
39820,39840,False,False
39840,39860,False,False
39860,39880,True,False
39880,39900,False,False
39900,39920,False,False
39920,39940,False,False
39940,39960,False,False
39960,39980,True,False
39980,40000,False,False
40000,40020,False,False
40020,40040,False,False
40040,40060,False,False
40060,40080,False,False
40080,40100,True,False
40100,40120,False,False
40120,40140,False,False
40140,40160,False,False
40160,40180,False,False
40180,40200,True,False
40200,40220,True,False
40220,40240,False,False
40240,40260,False,False
40260,40280,True,False
40280,40300,True,False
40300,40320,False,False
40320,40340,False,False
40340,40360,False,False
40360,40380,False,False
40380,40400,False,False
40400,40420,True,False
40420,40440,False,False
40440,40460,False,False
40460,40480,False,False
40480,40500,False,False
40500,40520,True,False
40520,40540,False,False
40540,40560,False,False
40560,40580,False,False
40580,40600,False,False
40600,40620,False,False
40620,40640,False,False
40640,40660,False,False
40660,40680,False,False
40680,40700,False,False
40700,40720,True,False
40720,40740,False,False
40740,40760,False,False
40760,40780,False,False
40780,40800,False,False
40800,40820,False,False
40820,40840,False,False
40840,40860,False,False
40860,40880,False,False
40880,40900,False,False
40900,40920,False,False
40920,40940,True,False
40940,40960,False,False
40960,40980,False,False
40980,41000,False,False
41000,41020,False,False
41020,41040,False,False
41040,41060,False,False
41060,41080,False,False
41080,41100,False,False
41100,41120,True,False
41120,41140,False,False
41140,41160,False,False
41160,41180,False,False
41180,41200,False,False
41200,41220,False,False
41220,41240,False,False
41240,41260,False,False
41260,41280,False,False
41280,41300,False,False
41300,41320,False,False
41320,41340,True,False
41340,41360,False,False
41360,41380,False,False
41380,41400,False,False
41400,41420,False,False
41420,41440,False,False
41440,41460,False,False
41460,41480,False,False
41480,41500,False,False
41500,41520,False,False
41520,41540,True,False
41540,41560,False,False
41560,41580,False,False
41580,41600,False,False
41600,41620,False,False
41620,41640,False,False
41640,41660,False,False
41660,41680,False,False
41680,41700,False,False
41700,41720,False,False
41720,41740,False,False
41740,41760,False,False
41760,41780,False,False
41780,41800,False,False
41800,41820,False,False
41820,41840,False,False
41840,41860,True,False
41860,41880,True,False
41880,41900,False,False
41900,41920,False,False
41920,41940,False,False
41940,41960,False,False
41960,41980,False,False
41980,42000,False,False
42000,42020,False,False
42020,42040,False,False
42040,42060,False,False
42060,42080,False,False
42080,42100,False,False
42100,42120,False,False
42120,42140,False,False
42140,42160,False,False
42160,42180,False,False
42180,42200,True,False
42200,42220,False,False
42220,42240,False,False
42240,42260,False,False
42260,42280,False,False
42280,42300,False,False
42300,42320,False,False
42320,42340,False,False
42340,42360,False,False
42360,42380,True,False
42380,42400,False,False
42400,42420,False,False
42420,42440,False,False
42440,42460,False,False
42460,42480,False,False
42480,42500,False,False
42500,42520,False,False
42520,42540,False,False
42540,42560,False,False
42560,42580,False,False
42580,42600,False,False
42600,42620,False,False
42620,42640,False,False
42640,42660,False,False
42660,42680,False,False
42680,42700,False,False
42700,42720,False,False
42720,42740,False,False
42740,42760,False,False
42760,42780,False,False
42780,42800,True,False
42800,42820,False,False
42820,42840,False,False
42840,42860,False,False
42860,42880,False,False
42880,42900,False,False
42900,42920,False,False
42920,42940,False,False
42940,42960,False,False
42960,42980,False,False
42980,43000,False,False
43000,43020,False,False
43020,43040,False,False
43040,43060,False,False
43060,43080,False,False
43080,43100,True,False
43100,43120,True,False
43120,43140,False,False
43140,43160,False,False
43160,43180,False,False
43180,43200,True,False
43200,43220,False,False
43220,43240,False,False
43240,43260,False,False
43260,43280,False,False
43280,43300,False,False
43300,43320,False,False
43320,43340,False,False
43340,43360,False,False
43360,43380,False,False
43380,43400,False,False
43400,43420,False,False
43420,43440,False,False
43440,43460,False,False
43460,43480,False,False
43480,43500,False,False
43500,43520,False,False
43520,43540,False,False
43540,43560,False,False
43560,43580,False,False
43580,43600,False,False
43600,43620,False,False
43620,43640,True,False
43640,43660,False,False
43660,43680,False,False
43680,43700,False,False
43700,43720,False,False
43720,43740,False,False
43740,43760,False,False
43760,43780,False,False
43780,43800,False,False
43800,43820,False,False
43820,43840,False,False
43840,43860,False,False
43860,43880,False,False
43880,43900,False,False
43900,43920,False,False
43920,43940,True,False
43940,43960,False,False
43960,43980,False,False
43980,44000,False,False
44000,44020,False,False
44020,44040,False,False
44040,44060,False,False
44060,44080,False,False
44080,44100,False,False
44100,44120,False,False
44120,44140,True,False
44140,44160,False,False
44160,44180,False,False
44180,44200,True,False
44200,44220,True,False
44220,44240,False,False
44240,44260,False,False
44260,44280,False,False
44280,44300,False,False
44300,44320,False,False
44320,44340,False,False
44340,44360,False,False
44360,44380,False,False
44380,44400,False,False
44400,44420,False,False
44420,44440,False,False
44440,44460,False,False
44460,44480,False,False
44480,44500,False,False
44500,44520,True,False
44520,44540,False,False
44540,44560,False,False
44560,44580,False,False
44580,44600,False,False
44600,44620,False,False
44620,44640,False,False
44640,44660,False,False
44660,44680,False,False
44680,44700,False,False
44700,44720,False,False
44720,44740,False,False
44740,44760,False,False
44760,44780,False,False
44780,44800,False,False
44800,44820,False,False
44820,44840,False,False
44840,44860,False,False
44860,44880,False,False
44880,44900,True,False
44900,44920,False,False
44920,44940,False,False
44940,44960,False,False
44960,44980,False,False
44980,45000,False,False
45000,45020,False,False
45020,45040,False,False
45040,45060,False,False
45060,45080,False,False
45080,45100,False,False
45100,45120,False,False
45120,45140,False,False
45140,45160,True,False
45160,45180,False,False
45180,45200,False,False
45200,45220,False,False
45220,45240,False,False
45240,45260,False,False
45260,45280,False,False
45280,45300,False,False
45300,45320,False,False
45320,45340,False,False
45340,45360,False,False
45360,45380,True,False
45380,45400,False,False
45400,45420,False,False
45420,45440,False,False
45440,45460,False,False
45460,45480,False,False
45480,45500,False,False
45500,45520,False,False
45520,45540,False,False
45540,45560,False,False
45560,45580,False,False
45580,45600,False,False
45600,45620,False,False
45620,45640,False,False
45640,45660,False,False
45660,45680,False,False
45680,45700,False,False
45700,45720,False,False
45720,45740,False,False
45740,45760,False,False
45760,45780,True,False
45780,45800,True,False
45800,45820,False,False
45820,45840,False,False
45840,45860,False,False
45860,45880,False,False
45880,45900,False,False
45900,45920,False,False
45920,45940,False,False
45940,45960,False,False
45960,45980,False,False
45980,46000,False,False
46000,46020,True,False
46020,46040,False,False
46040,46060,False,False
46060,46080,False,False
46080,46100,False,False
46100,46120,False,False
46120,46140,False,False
46140,46160,False,False
46160,46180,False,False
46180,46200,False,False
46200,46220,False,False
46220,46240,False,False
46240,46260,False,False
46260,46280,False,False
46280,46300,False,False
46300,46320,False,False
46320,46340,False,False
46340,46360,False,False
46360,46380,True,False
46380,46400,False,False
46400,46420,False,False
46420,46440,False,False
46440,46460,False,False
46460,46480,False,False
46480,46500,False,False
46500,46520,False,False
46520,46540,False,False
46540,46560,True,False
46560,46580,False,False
46580,46600,False,False
46600,46620,False,False
46620,46640,False,False
46640,46660,False,False
46660,46680,False,False
46680,46700,False,False
46700,46720,False,False
46720,46740,False,False
46740,46760,False,False
46760,46780,False,False
46780,46800,False,False
46800,46820,False,False
46820,46840,False,False
46840,46860,True,False
46860,46880,False,False
46880,46900,False,False
46900,46920,False,False
46920,46940,False,False
46940,46960,False,False
46960,46980,False,False
46980,47000,False,False
47000,47020,True,False
47020,47040,False,False
47040,47060,False,False
47060,47080,False,False
47080,47100,False,False
47100,47120,False,False
47120,47140,False,False
47140,47160,False,False
47160,47180,False,False
47180,47200,False,False
47200,47220,False,False
47220,47240,True,False
47240,47260,False,False
47260,47280,False,False
47280,47300,False,False
47300,47320,False,False
47320,47340,False,False
47340,47360,True,False
47360,47380,False,False
47380,47400,False,False
47400,47420,False,False
47420,47440,False,False
47440,47460,False,False
47460,47480,True,False
47480,47500,False,False
47500,47520,False,False
47520,47540,False,False
47540,47560,False,False
47560,47580,False,False
47580,47600,False,False
47600,47620,False,False
47620,47640,False,False
47640,47660,False,False
47660,47680,False,False
47680,47700,False,False
47700,47720,False,False
47720,47740,False,False
47740,47760,False,False
47760,47780,False,False
47780,47800,False,False
47800,47820,False,False
47820,47840,False,False
47840,47860,False,False
47860,47880,False,False
47880,47900,False,False
47900,47920,False,False
47920,47940,False,False
47940,47960,False,False
47960,47980,False,False
47980,48000,False,False
48000,48020,True,False
48020,48040,False,False
48040,48060,False,False
48060,48080,False,False
48080,48100,False,False
48100,48120,False,False
48120,48140,False,False
48140,48160,False,False
48160,48180,False,False
48180,48200,False,False
48200,48220,False,False
48220,48240,False,False
48240,48260,False,False
48260,48280,True,False
48280,48300,False,False
48300,48320,False,False
48320,48340,False,False
48340,48360,False,False
48360,48380,False,False
48380,48400,False,False
48400,48420,False,False
48420,48440,False,False
48440,48460,False,False
48460,48480,False,False
48480,48500,False,False
48500,48520,False,False
48520,48540,False,False
48540,48560,False,False
48560,48580,False,False
48580,48600,False,False
48600,48620,False,False
48620,48640,False,False
48640,48660,False,False
48660,48680,False,False
48680,48700,False,False
48700,48720,True,False
48720,48740,False,False
48740,48760,False,False
48760,48780,False,False
48780,48800,False,False
48800,48820,False,False
48820,48840,False,False
48840,48860,False,False
48860,48880,False,False
48880,48900,False,False
48900,48920,False,False
48920,48940,False,False
48940,48960,False,False
48960,48980,False,False
48980,49000,False,False
49000,49020,False,False
49020,49040,False,False
49040,49060,False,False
49060,49080,False,False
49080,49100,True,False
49100,49120,False,False
49120,49140,False,False
49140,49160,False,False
49160,49180,False,False
49180,49200,False,False
49200,49220,False,False
49220,49240,False,False
49240,49260,False,False
49260,49280,False,False
49280,49300,False,False
49300,49320,False,False
49320,49340,False,False
49340,49360,False,False
49360,49380,False,False
49380,49400,False,False
49400,49420,False,False
49420,49440,False,False
49440,49460,False,False
49460,49480,False,False
49480,49500,False,False
49500,49520,False,False
49520,49540,False,False
49540,49560,False,False
49560,49580,True,False
49580,49600,False,False
49600,49620,False,False
49620,49640,False,False
49640,49660,False,False
49660,49680,False,False
49680,49700,True,False
49700,49720,True,False
49720,49740,False,False
49740,49760,False,False
49760,49780,False,False
49780,49800,False,False
49800,49820,False,False
49820,49840,True,False
49840,49860,True,False
49860,49880,False,False
49880,49900,False,False
49900,49920,False,False
49920,49940,False,False
49940,49960,False,False
49960,49980,False,False
49980,50000,False,False
50000,50020,True,False
50020,50040,False,False
50040,50060,False,False
50060,50080,False,False
50080,50100,False,False
50100,50120,False,False
50120,50140,True,False
50140,50160,False,False
50160,50180,False,False
50180,50200,False,False
50200,50220,False,False
50220,50240,True,False
50240,50260,False,False
50260,50280,False,False
50280,50300,False,False
50300,50320,False,False
50320,50340,False,False
50340,50360,False,False
50360,50380,True,False
50380,50400,False,False
50400,50420,False,False
50420,50440,True,False
50440,50460,False,False
50460,50480,False,False
50480,50500,False,False
50500,50520,False,False
50520,50540,False,False
50540,50560,False,False
50560,50580,False,False
50580,50600,False,False
50600,50620,False,False
50620,50640,True,False
50640,50660,True,False
50660,50680,False,False
50680,50700,False,False
50700,50720,False,False
50720,50740,False,False
50740,50760,True,False
50760,50780,False,False
50780,50800,False,False
50800,50820,False,False
50820,50840,False,False
50840,50860,False,False
50860,50880,False,False
50880,50900,False,False
50900,50920,False,False
50920,50940,False,False
50940,50960,True,False
50960,50980,False,False
50980,51000,False,False
51000,51020,False,False
51020,51040,False,False
51040,51060,False,False
51060,51080,True,False
51080,51100,False,False
51100,51120,False,False
51120,51140,True,False
51140,51160,False,False
51160,51180,False,False
51180,51200,False,False
51200,51220,False,False
51220,51240,False,False
51240,51260,False,False
51260,51280,True,False
51280,51300,False,False
51300,51320,False,False
51320,51340,False,False
51340,51360,False,False
51360,51380,False,False
51380,51400,True,False
51400,51420,False,False
51420,51440,False,False
51440,51460,False,False
51460,51480,False,False
51480,51500,False,False
51500,51520,False,False
51520,51540,False,False
51540,51560,False,False
51560,51580,False,False
51580,51600,False,False
51600,51620,False,False
51620,51640,True,False
51640,51660,False,False
51660,51680,False,False
51680,51700,True,False
51700,51720,False,False
51720,51740,False,False
51740,51760,False,False
51760,51780,False,False
51780,51800,False,False
51800,51820,False,False
51820,51840,False,False
51840,51860,False,False
51860,51880,False,False
51880,51900,False,False
51900,51920,False,False
51920,51940,False,False
51940,51960,False,False
51960,51980,False,False
51980,52000,False,False
52000,52020,False,False
52020,52040,False,False
52040,52060,False,False
52060,52080,True,False
52080,52100,False,False
52100,52120,False,False
52120,52140,False,False
52140,52160,False,False
52160,52180,False,False
52180,52200,False,False
52200,52220,False,False
52220,52240,False,False
52240,52260,False,False
52260,52280,False,False
52280,52300,False,False
52300,52320,False,False
52320,52340,False,False
52340,52360,False,False
52360,52380,False,False
52380,52400,False,False
52400,52420,False,False
52420,52440,False,False
52440,52460,False,False
52460,52480,False,False
52480,52500,False,False
52500,52520,True,False
52520,52540,False,False
52540,52560,False,False
52560,52580,False,False
52580,52600,False,False
52600,52620,False,False
52620,52640,False,False
52640,52660,False,False
52660,52680,False,False
52680,52700,False,False
52700,52720,False,False
52720,52740,False,False
52740,52760,False,False
52760,52780,False,False
52780,52800,False,False
52800,52820,False,False
52820,52840,False,False
52840,52860,False,False
52860,52880,False,False
52880,52900,True,False
52900,52920,False,False
52920,52940,False,False
52940,52960,True,False
52960,52980,False,False
52980,53000,False,False
53000,53020,False,False
53020,53040,False,False
53040,53060,False,False
53060,53080,False,False
53080,53100,False,False
53100,53120,False,False
53120,53140,False,False
53140,53160,False,False
53160,53180,False,False
53180,53200,False,False
53200,53220,False,False
53220,53240,False,False
53240,53260,False,False
53260,53280,False,False
53280,53300,True,False
53300,53320,False,False
53320,53340,False,False
53340,53360,False,False
53360,53380,True,False
53380,53400,True,False
53400,53420,False,False
53420,53440,False,False
53440,53460,False,False
53460,53480,False,False
53480,53500,False,False
53500,53520,False,False
53520,53540,False,False
53540,53560,False,False
53560,53580,False,False
53580,53600,True,False
53600,53620,True,False
53620,53640,False,False
53640,53660,False,False
53660,53680,False,False
53680,53700,False,False
53700,53720,False,False
53720,53740,False,False
53740,53760,True,False
53760,53780,False,False
53780,53800,False,False
53800,53820,False,False
53820,53840,False,False
53840,53860,False,False
53860,53880,False,False
53880,53900,False,False
53900,53920,False,False
53920,53940,False,False
53940,53960,False,False
53960,53980,False,False
53980,54000,False,False
54000,54020,False,False
54020,54040,False,False
54040,54060,True,False
54060,54080,False,False
54080,54100,False,False
54100,54120,True,False
54120,54140,False,False
54140,54160,False,False
54160,54180,False,False
54180,54200,False,False
54200,54220,False,False
54220,54240,False,False
54240,54260,False,False
54260,54280,False,False
54280,54300,False,False
54300,54320,False,False
54320,54340,False,False
54340,54360,True,False
54360,54380,False,False
54380,54400,False,False
54400,54420,False,False
54420,54440,False,False
54440,54460,False,False
54460,54480,True,False
54480,54500,False,False
54500,54520,False,False
54520,54540,False,False
54540,54560,False,False
54560,54580,False,False
54580,54600,False,False
54600,54620,False,False
54620,54640,False,False
54640,54660,False,False
54660,54680,False,False
54680,54700,False,False
54700,54720,False,False
54720,54740,False,False
54740,54760,False,False
54760,54780,False,False
54780,54800,False,False
54800,54820,True,False
54820,54840,False,False
54840,54860,False,False
54860,54880,False,False
54880,54900,False,False
54900,54920,False,False
54920,54940,False,False
54940,54960,False,False
54960,54980,False,False
54980,55000,False,False
55000,55020,False,False
55020,55040,False,False
55040,55060,True,False
55060,55080,False,False
55080,55100,False,False
55100,55120,False,False
55120,55140,False,False
55140,55160,False,False
55160,55180,True,False
55180,55200,True,False
55200,55220,False,False
55220,55240,False,False
55240,55260,False,False
55260,55280,False,False
55280,55300,True,False
55300,55320,False,False
55320,55340,False,False
55340,55360,False,False
55360,55380,False,False
55380,55400,True,False
55400,55420,True,False
55420,55440,False,False
55440,55460,False,False
55460,55480,False,False
55480,55500,True,False
55500,55520,False,False
55520,55540,False,False
55540,55560,False,False
55560,55580,False,False
55580,55600,True,False
55600,55620,True,False
55620,55640,False,False
55640,55660,False,False
55660,55680,False,False
55680,55700,False,False
55700,55720,True,False
55720,55740,False,False
55740,55760,False,False
55760,55780,False,False
55780,55800,True,False
55800,55820,True,False
55820,55840,False,False
55840,55860,False,False
55860,55880,False,False
55880,55900,False,False
55900,55920,True,False
55920,55940,True,False
55940,55960,False,False
55960,55980,False,False
55980,56000,False,False
56000,56020,False,False
56020,56040,False,False
56040,56060,True,False
56060,56080,False,False
56080,56100,False,False
56100,56120,False,False
56120,56140,False,False
56140,56160,False,False
56160,56180,False,False
56180,56200,False,False
56200,56220,False,False
56220,56240,False,False
56240,56260,False,False
56260,56280,False,False
56280,56300,False,False
56300,56320,True,False
56320,56340,False,False
56340,56360,False,False
56360,56380,False,False
56380,56400,False,False
56400,56420,False,False
56420,56440,False,False
56440,56460,False,False
56460,56480,False,False
56480,56500,True,False
56500,56520,False,False
56520,56540,False,False
56540,56560,False,False
56560,56580,False,False
56580,56600,False,False
56600,56620,False,False
56620,56640,False,False
56640,56660,False,False
56660,56680,False,False
56680,56700,False,False
56700,56720,False,False
56720,56740,False,False
56740,56760,False,False
56760,56780,True,False
56780,56800,False,False
56800,56820,False,False
56820,56840,False,False
56840,56860,False,False
56860,56880,False,False
56880,56900,False,False
56900,56920,False,False
56920,56940,False,False
56940,56960,False,False
56960,56980,False,False
56980,57000,True,False
57000,57020,False,False
57020,57040,False,False
57040,57060,False,False
57060,57080,False,False
57080,57100,False,False
57100,57120,False,False
57120,57140,False,False
57140,57160,False,False
57160,57180,False,False
57180,57200,True,False
57200,57220,True,False
57220,57240,False,False
57240,57260,False,False
57260,57280,False,False
57280,57300,True,False
57300,57320,True,False
57320,57340,False,False
57340,57360,False,False
57360,57380,False,False
57380,57400,False,False
57400,57420,True,False
57420,57440,False,False
57440,57460,False,False
57460,57480,False,False
57480,57500,False,False
57500,57520,True,False
57520,57540,False,False
57540,57560,False,False
57560,57580,False,False
57580,57600,False,False
57600,57620,True,False
57620,57640,False,False
57640,57660,False,False
57660,57680,False,False
57680,57700,False,False
57700,57720,False,False
57720,57740,True,False
57740,57760,False,False
57760,57780,False,False
57780,57800,False,False
57800,57820,False,False
57820,57840,False,False
57840,57860,False,False
57860,57880,False,False
57880,57900,False,False
57900,57920,False,False
57920,57940,False,False
57940,57960,False,False
57960,57980,False,False
57980,58000,True,False
58000,58020,False,False
58020,58040,False,False
58040,58060,False,False
58060,58080,False,False
58080,58100,False,False
58100,58120,False,False
58120,58140,False,False
58140,58160,False,False
58160,58180,True,False
58180,58200,False,False
58200,58220,False,False
58220,58240,False,False
58240,58260,False,False
58260,58280,False,False
58280,58300,False,False
58300,58320,False,False
58320,58340,False,False
58340,58360,False,False
58360,58380,False,False
58380,58400,False,False
58400,58420,True,False
58420,58440,False,False
58440,58460,False,False
58460,58480,False,False
58480,58500,False,False
58500,58520,False,False
58520,58540,False,False
58540,58560,True,False
58560,58580,False,False
58580,58600,False,False
58600,58620,False,False
58620,58640,False,False
58640,58660,False,False
58660,58680,False,False
58680,58700,False,False
58700,58720,True,False
58720,58740,False,False
58740,58760,False,False
58760,58780,True,False
58780,58800,True,False
58800,58820,False,False
58820,58840,False,False
58840,58860,False,False
58860,58880,False,False
58880,58900,False,False
58900,58920,False,False
58920,58940,False,False
58940,58960,False,False
58960,58980,False,False
58980,59000,False,False
59000,59020,False,False
59020,59040,False,False
59040,59060,True,False
59060,59080,True,False
59080,59100,True,False
59100,59120,False,False
59120,59140,False,False
59140,59160,False,False
59160,59180,False,False
59180,59200,False,False
59200,59220,False,False
59220,59240,False,False
59240,59260,False,False
59260,59280,False,False
59280,59300,True,False
59300,59320,False,False
59320,59340,False,False
59340,59360,False,False
59360,59380,False,False
59380,59400,True,False
59400,59420,False,False
59420,59440,False,False
59440,59460,False,False
59460,59480,False,False
59480,59500,True,False
59500,59520,False,False
59520,59540,False,False
59540,59560,False,False
59560,59580,False,False
59580,59600,False,False
59600,59620,True,False
59620,59640,False,False
59640,59660,False,False
59660,59680,False,False
59680,59700,False,False
59700,59720,False,False
59720,59740,False,False
59740,59760,False,False
59760,59780,False,False
59780,59800,False,False
59800,59820,False,False
59820,59840,False,False
59840,59860,True,False
59860,59880,False,False
59880,59900,False,False
59900,59920,False,False
59920,59940,False,False
59940,59960,False,False
59960,59980,False,False
59980,60000,False,False
60000,60020,False,False
60020,60040,False,False
60040,60060,False,False
60060,60080,False,False
60080,60100,False,False
60100,60120,False,False
60120,60140,False,False
60140,60160,True,False
60160,60180,False,False
60180,60200,False,False
60200,60220,False,False
60220,60240,False,False
60240,60260,False,False
60260,60280,False,False
60280,60300,False,False
60300,60320,False,False
60320,60340,False,False
60340,60360,False,False
60360,60380,False,False
60380,60400,False,False
60400,60420,False,False
60420,60440,False,False
60440,60460,False,False
60460,60480,True,False
60480,60500,False,False
60500,60520,False,False
60520,60540,True,False
60540,60560,False,False
60560,60580,False,False
60580,60600,False,False
60600,60620,False,False
60620,60640,False,False
60640,60660,False,False
60660,60680,False,False
60680,60700,False,False
60700,60720,False,False
60720,60740,False,False
60740,60760,False,False
60760,60780,True,False
60780,60800,True,False
60800,60820,False,False
60820,60840,False,False
60840,60860,False,False
60860,60880,False,False
60880,60900,False,False
60900,60920,False,False
60920,60940,False,False
60940,60960,False,False
60960,60980,False,False
60980,61000,False,False
61000,61020,True,False
61020,61040,False,False
61040,61060,False,False
61060,61080,False,False
61080,61100,False,False
61100,61120,False,False
61120,61140,False,False
61140,61160,False,False
61160,61180,False,False
61180,61200,False,False
61200,61220,True,False
61220,61240,False,False
61240,61260,False,False
61260,61280,False,False
61280,61300,False,False
61300,61320,False,False
61320,61340,False,False
61340,61360,False,False
61360,61380,True,False
61380,61400,True,False
61400,61420,False,False
61420,61440,False,False
61440,61460,False,False
61460,61480,False,False
61480,61500,False,False
61500,61520,False,False
61520,61540,False,False
61540,61560,False,False
61560,61580,False,False
61580,61600,False,False
61600,61620,False,False
61620,61640,False,False
61640,61660,False,False
61660,61680,False,False
61680,61700,False,False
61700,61720,False,False
61720,61740,False,False
61740,61760,False,False
61760,61780,False,False
61780,61800,False,False
61800,61820,True,False
61820,61840,False,False
61840,61860,False,False
61860,61880,False,False
61880,61900,False,False
61900,61920,False,False
61920,61940,False,False
61940,61960,False,False
61960,61980,False,False
61980,62000,False,False
62000,62020,False,False
62020,62040,False,False
62040,62060,False,False
62060,62080,False,False
62080,62100,False,False
62100,62120,False,False
62120,62140,False,False
62140,62160,False,False
62160,62180,False,False
62180,62200,False,False
62200,62220,False,False
62220,62240,False,False
62240,62260,False,False
62260,62280,True,False
62280,62300,False,False
62300,62320,False,False
62320,62340,False,False
62340,62360,False,False
62360,62380,False,False
62380,62400,False,False
62400,62420,False,False
62420,62440,False,False
62440,62460,False,False
62460,62480,False,False
62480,62500,False,False
62500,62520,False,False
62520,62540,False,False
62540,62560,False,False
62560,62580,False,False
62580,62600,False,False
62600,62620,False,False
62620,62640,False,False
62640,62660,False,False
62660,62680,False,False
62680,62700,True,False
62700,62720,False,False
62720,62740,False,False
62740,62760,False,False
62760,62780,False,False
62780,62800,False,False
62800,62820,False,False
62820,62840,False,False
62840,62860,False,False
62860,62880,False,False
62880,62900,False,False
62900,62920,False,False
62920,62940,False,False
62940,62960,False,False
62960,62980,False,False
62980,63000,False,False
63000,63020,False,False
63020,63040,False,False
63040,63060,True,False
63060,63080,True,False
63080,63100,False,False
63100,63120,False,False
63120,63140,False,False
63140,63160,False,False
63160,63180,False,False
63180,63200,False,False
63200,63220,False,False
63220,63240,False,False
63240,63260,False,False
63260,63280,False,False
63280,63300,False,False
63300,63320,False,False
63320,63340,True,False
63340,63360,False,False
63360,63380,False,False
63380,63400,False,False
63400,63420,False,False
63420,63440,False,False
63440,63460,False,False
63460,63480,False,False
63480,63500,False,False
63500,63520,True,False
63520,63540,False,False
63540,63560,False,False
63560,63580,False,False
63580,63600,False,False
63600,63620,False,False
63620,63640,False,False
63640,63660,True,False
63660,63680,False,False
63680,63700,False,False
63700,63720,False,False
63720,63740,False,False
63740,63760,True,False
63760,63780,False,False
63780,63800,False,False
63800,63820,False,False
63820,63840,False,False
63840,63860,True,False
63860,63880,False,False
63880,63900,False,False
63900,63920,False,False
63920,63940,False,False
63940,63960,True,False
63960,63980,False,False
63980,64000,False,False
64000,64020,False,False
64020,64040,False,False
64040,64060,True,False
64060,64080,True,False
64080,64100,False,False
64100,64120,False,False
64120,64140,True,False
64140,64160,False,False
64160,64180,False,False
64180,64200,False,False
64200,64220,False,False
64220,64240,False,False
64240,64260,False,False
64260,64280,False,False
64280,64300,False,False
64300,64320,False,False
64320,64340,False,False
64340,64360,True,False
64360,64380,False,False
64380,64400,False,False
64400,64420,False,False
64420,64440,False,False
64440,64460,False,False
64460,64480,True,False
64480,64500,True,False
64500,64520,False,False
64520,64540,False,False
64540,64560,False,False
64560,64580,False,False
64580,64600,True,False
64600,64620,False,False
64620,64640,False,False
64640,64660,False,False
64660,64680,False,False
64680,64700,True,False
64700,64720,False,False
64720,64740,False,False
64740,64760,False,False
64760,64780,False,False
64780,64800,True,False
64800,64820,False,False
64820,64840,False,False
64840,64860,False,False
64860,64880,False,False
64880,64900,False,False
64900,64920,True,False
64920,64940,True,False
64940,64960,False,False
64960,64980,False,False
64980,65000,False,False
65000,65020,False,False
65020,65040,False,False
65040,65060,False,False
65060,65080,False,False
65080,65100,False,False
65100,65120,False,False
65120,65140,False,False
65140,65160,False,False
65160,65180,False,False
65180,65200,True,False
65200,65220,True,False
65220,65240,False,False
65240,65260,False,False
65260,65280,False,False
65280,65300,False,False
65300,65320,False,False
65320,65340,False,False
65340,65360,False,False
65360,65380,False,False
65380,65400,False,False
65400,65420,False,False
65420,65440,False,False
65440,65460,False,False
65460,65480,False,False
65480,65500,False,False
65500,65520,False,False
65520,65540,False,False
65540,65560,False,False
65560,65580,False,False
65580,65600,False,False
65600,65620,False,False
65620,65640,True,False
65640,65660,False,False
65660,65680,False,False
65680,65700,False,False
65700,65720,False,False
65720,65740,False,False
65740,65760,False,False
65760,65780,False,False
65780,65800,False,False
65800,65820,False,False
65820,65840,False,False
65840,65860,False,False
65860,65880,False,False
65880,65900,False,False
65900,65920,False,False
65920,65940,False,False
65940,65960,False,False
65960,65980,False,False
65980,66000,False,False
66000,66020,False,False
66020,66040,True,False
66040,66060,False,False
66060,66080,False,False
66080,66100,False,False
66100,66120,False,False
66120,66140,False,False
66140,66160,False,False
66160,66180,False,False
66180,66200,False,False
66200,66220,False,False
66220,66240,False,False
66240,66260,False,False
66260,66280,False,False
66280,66300,False,False
66300,66320,False,False
66320,66340,False,False
66340,66360,False,False
66360,66380,False,False
66380,66400,False,False
66400,66420,False,False
66420,66440,True,False
66440,66460,False,False
66460,66480,True,False
66480,66500,False,False
66500,66520,False,False
66520,66540,False,False
66540,66560,False,False
66560,66580,True,False
66580,66600,False,False
66600,66620,False,False
66620,66640,False,False
66640,66660,False,False
66660,66680,False,False
66680,66700,False,False
66700,66720,True,False
66720,66740,False,False
66740,66760,False,False
66760,66780,False,False
66780,66800,False,False
66800,66820,False,False
66820,66840,False,False
66840,66860,False,False
66860,66880,False,False
66880,66900,False,False
66900,66920,True,False
66920,66940,False,False
66940,66960,False,False
66960,66980,False,False
66980,67000,False,False
67000,67020,False,False
67020,67040,False,False
67040,67060,False,False
67060,67080,False,False
67080,67100,False,False
67100,67120,False,False
67120,67140,True,False
67140,67160,False,False
67160,67180,False,False
67180,67200,False,False
67200,67220,False,False
67220,67240,False,False
67240,67260,False,False
67260,67280,False,False
67280,67300,True,False
67300,67320,False,False
67320,67340,False,False
67340,67360,False,False
67360,67380,False,False
67380,67400,False,False
67400,67420,False,False
67420,67440,False,False
67440,67460,False,False
67460,67480,False,False
67480,67500,True,False
67500,67520,False,False
67520,67540,False,False
67540,67560,False,False
67560,67580,True,False
67580,67600,False,False
67600,67620,False,False
67620,67640,False,False
67640,67660,False,False
67660,67680,False,False
67680,67700,False,False
67700,67720,False,False
67720,67740,False,False
67740,67760,True,False
67760,67780,False,False
67780,67800,False,False
67800,67820,False,False
67820,67840,False,False
67840,67860,True,False
67860,67880,True,False
67880,67900,False,False
67900,67920,False,False
67920,67940,False,False
67940,67960,True,False
67960,67980,False,False
67980,68000,False,False
68000,68020,False,False
68020,68040,True,False
68040,68060,False,False
68060,68080,False,False
68080,68100,False,False
68100,68120,False,False
68120,68140,False,False
68140,68160,False,False
68160,68180,False,False
68180,68200,False,False
68200,68220,False,False
68220,68240,False,False
68240,68260,False,False
68260,68280,False,False
68280,68300,False,False
68300,68320,False,False
68320,68340,False,False
68340,68360,False,False
68360,68380,False,False
68380,68400,True,False
68400,68420,False,False
68420,68440,False,False
68440,68460,False,False
68460,68480,False,False
68480,68500,False,False
68500,68520,False,False
68520,68540,False,False
68540,68560,False,False
68560,68580,False,False
68580,68600,True,False
68600,68620,False,False
68620,68640,False,False
68640,68660,False,False
68660,68680,False,False
68680,68700,False,False
68700,68720,False,False
68720,68740,True,False
68740,68760,False,False
68760,68780,False,False
68780,68800,False,False
68800,68820,True,False
68820,68840,False,False
68840,68860,False,False
68860,68880,False,False
68880,68900,False,False
68900,68920,True,False
68920,68940,False,False
68940,68960,False,False
68960,68980,False,False
68980,69000,False,False
69000,69020,True,False
69020,69040,False,False
69040,69060,False,False
69060,69080,False,False
69080,69100,False,False
69100,69120,True,False
69120,69140,False,False
69140,69160,False,False
69160,69180,False,False
69180,69200,False,False
69200,69220,False,False
69220,69240,True,False
69240,69260,False,False
69260,69280,False,False
69280,69300,False,False
69300,69320,False,False
69320,69340,True,False
69340,69360,True,False
69360,69380,False,False
69380,69400,False,False
69400,69420,False,False
69420,69440,False,False
69440,69460,True,False
69460,69480,False,False
69480,69500,False,False
69500,69520,False,False
69520,69540,False,False
69540,69560,False,False
69560,69580,False,False
69580,69600,False,False
69600,69620,False,False
69620,69640,False,False
69640,69660,True,False
69660,69680,False,False
69680,69700,False,False
69700,69720,False,False
69720,69740,False,False
69740,69760,False,False
69760,69780,False,False
69780,69800,False,False
69800,69820,False,False
69820,69840,True,False
69840,69860,False,False
69860,69880,False,False
69880,69900,False,False
69900,69920,False,False
69920,69940,False,False
69940,69960,False,False
69960,69980,False,False
69980,70000,False,False
70000,70020,True,False
70020,70040,True,False
70040,70060,False,False
70060,70080,False,False
70080,70100,False,False
70100,70120,False,False
70120,70140,False,False
70140,70160,False,False
70160,70180,False,False
70180,70200,False,False
70200,70220,False,False
70220,70240,False,False
70240,70260,False,False
70260,70280,True,False
70280,70300,False,False
70300,70320,False,False
70320,70340,False,False
70340,70360,True,False
70360,70380,False,False
70380,70400,False,False
70400,70420,False,False
70420,70440,True,False
70440,70460,True,False
70460,70480,False,False
70480,70500,False,False
70500,70520,False,False
70520,70540,False,False
70540,70560,False,False
70560,70580,False,False
70580,70600,True,False
70600,70620,False,False
70620,70640,False,False
70640,70660,False,False
70660,70680,False,False
70680,70700,False,False
70700,70720,True,False
70720,70740,True,False
70740,70760,False,False
70760,70780,False,False
70780,70800,True,False
70800,70820,False,False
70820,70840,False,False
70840,70860,False,False
70860,70880,False,False
70880,70900,True,False
70900,70920,False,False
70920,70940,False,False
70940,70960,False,False
70960,70980,False,False
70980,71000,False,False
71000,71020,False,False
71020,71040,True,False
71040,71060,False,False
71060,71080,False,False
71080,71100,False,False
71100,71120,False,False
71120,71140,False,False
71140,71160,True,False
71160,71180,False,False
71180,71200,False,False
71200,71220,False,False
71220,71240,False,False
71240,71260,False,False
71260,71280,False,False
71280,71300,False,False
71300,71320,False,False
71320,71340,False,False
71340,71360,True,False
71360,71380,False,False
71380,71400,False,False
71400,71420,False,False
71420,71440,False,False
71440,71460,False,False
71460,71480,False,False
71480,71500,False,False
71500,71520,False,False
71520,71540,True,False
71540,71560,False,False
71560,71580,False,False
71580,71600,False,False
71600,71620,False,False
71620,71640,False,False
71640,71660,False,False
71660,71680,False,False
71680,71700,False,False
71700,71720,False,False
71720,71740,False,False
71740,71760,False,False
71760,71780,True,False
71780,71800,False,False
71800,71820,False,False
71820,71840,False,False
71840,71860,False,False
71860,71880,False,False
71880,71900,False,False
71900,71920,False,False
71920,71940,False,False
71940,71960,False,False
71960,71980,True,False
71980,72000,False,False
72000,72020,False,False
72020,72040,False,False
72040,72060,False,False
72060,72080,False,False
72080,72100,False,False
72100,72120,False,False
72120,72140,True,False
72140,72160,False,False
72160,72180,False,False
72180,72200,False,False
72200,72220,False,False
72220,72240,False,False
72240,72260,False,False
72260,72280,False,False
72280,72300,False,False
72300,72320,False,False
72320,72340,False,False
72340,72360,False,False
72360,72380,False,False
72380,72400,False,False
72400,72420,True,False
72420,72440,False,False
72440,72460,False,False
72460,72480,False,False
72480,72500,False,False
72500,72520,False,False
72520,72540,False,False
72540,72560,False,False
72560,72580,False,False
72580,72600,True,False
72600,72620,False,False
72620,72640,False,False
72640,72660,False,False
72660,72680,False,False
72680,72700,False,False
72700,72720,False,False
72720,72740,False,False
72740,72760,False,False
72760,72780,False,False
72780,72800,False,False
72800,72820,True,False
72820,72840,False,False
72840,72860,False,False
72860,72880,False,False
72880,72900,False,False
72900,72920,False,False
